Date,medtecs,sti,topglove
2016-06-28,0.048,2.86,0.8175
2016-06-29,0.048,2.88,0.8175
2016-06-30,0.049,2.93,0.8
2016-07-01,0.049,2.9,0.8
2016-07-04,0.052,2.93,0.81
2016-07-05,0.05,2.92,0.81
2016-07-07,0.05,2.93,0.81
2016-07-08,0.05,2.91,0.8
2016-07-11,0.05,2.93,0.7925
2016-07-12,0.051,2.96,0.795
2016-07-13,0.05,2.96,0.7875
2016-07-14,0.05,2.97,0.7875
2016-07-15,0.049,2.99,0.78
2016-07-18,0.048,3.0,0.775
2016-07-19,0.05,2.97,0.7775
2016-07-20,0.049,3.0,0.7725
2016-07-21,0.049,3.0,0.765
2016-07-22,0.049,2.99,0.765
2016-07-25,0.049,3.0,0.75
2016-07-26,0.049,2.99,0.755
2016-07-27,0.049,2.99,0.775
2016-07-28,0.048,2.97,0.775
2016-07-29,0.047,2.93,0.775
2016-08-01,0.047,2.95,0.75
2016-08-02,0.047,2.93,0.745
2016-08-03,0.047,2.88,0.75
2016-08-04,0.047,2.93,0.745
2016-08-05,0.047,2.92,0.75
2016-08-08,0.046,2.97,0.775
2016-08-10,0.047,2.97,0.775
2016-08-11,0.047,2.95,0.7775
2016-08-12,0.047,2.95,0.775
2016-08-15,0.047,2.96,0.775
2016-08-16,0.047,2.96,0.775
2016-08-17,0.047,2.95,0.775
2016-08-18,0.047,2.94,0.775
2016-08-19,0.049,2.95,0.775
2016-08-22,0.048,2.95,0.775
2016-08-23,0.048,2.95,0.77
2016-08-24,0.049,2.97,0.77
2016-08-25,0.051,2.98,0.765
2016-08-26,0.053,2.97,0.76
2016-08-29,0.051,2.94,0.765
2016-08-30,0.05,2.93,0.745
2016-08-31,0.049,2.93,0.74
2016-09-01,0.05,2.92,0.74
2016-09-02,0.048,2.91,0.755
2016-09-05,0.048,2.96,0.7575
2016-09-06,0.05,2.99,0.76
2016-09-07,0.048,3.0,0.76
2016-09-08,0.048,3.0,0.775
2016-09-09,0.048,2.96,0.775
2016-09-13,0.047,2.92,0.785
2016-09-14,0.047,2.93,0.785
2016-09-15,0.047,2.9,0.775
2016-09-16,0.047,2.93,0.775
2016-09-19,0.047,2.95,0.765
2016-09-21,0.049,2.95,0.775
2016-09-22,0.048,2.95,0.785
2016-09-23,0.048,2.96,0.785
2016-09-26,0.048,2.95,0.775
2016-09-27,0.051,2.95,0.79
2016-09-28,0.051,2.96,0.79
2016-09-29,0.051,2.99,0.79
2016-09-30,0.049,2.97,0.81
2016-10-03,0.05,2.97,0.815
2016-10-04,0.049,2.99,0.815
2016-10-05,0.049,2.99,0.815
2016-10-06,0.05,3.0,0.79
2016-10-07,0.05,2.98,0.79
2016-10-10,0.051,2.98,0.79
2016-10-11,0.05,2.95,0.79
2016-10-12,0.05,2.92,0.8
2016-10-13,0.048,2.89,0.8
2016-10-14,0.049,2.91,0.8
2016-10-17,0.049,2.91,0.8
2016-10-18,0.049,2.93,0.8
2016-10-19,0.048,2.95,0.8
2016-10-20,0.049,2.95,0.8
2016-10-21,0.049,2.93,0.8
2016-10-24,0.05,2.95,0.81
2016-10-25,0.049,2.96,0.815
2016-10-26,0.049,2.93,0.81
2016-10-27,0.049,2.93,0.81
2016-10-28,0.048,2.9,0.805
2016-10-31,0.049,2.92,0.805
2016-11-01,0.049,2.92,0.8
2016-11-02,0.049,2.91,0.8
2016-11-03,0.049,2.9,0.8
2016-11-04,0.049,2.89,0.8
2016-11-07,0.049,2.91,0.795
2016-11-08,0.048,2.93,0.79
2016-11-09,0.048,2.89,0.795
2016-11-10,0.048,2.94,0.8
2016-11-11,0.048,2.92,0.81
2016-11-14,0.048,2.88,0.825
2016-11-16,0.047,2.9,0.825
2016-11-17,0.047,2.91,0.83
2016-11-18,0.048,2.94,0.83
2016-11-21,0.047,2.93,0.8325
2016-11-22,0.047,2.93,0.83
2016-11-23,0.047,2.94,0.825
2016-11-25,0.047,2.97,0.8
2016-11-28,0.047,2.99,0.82
2016-11-29,0.047,2.98,0.82
2016-11-30,0.047,3.02,0.83
2016-12-01,0.046,3.03,0.825
2016-12-02,0.047,3.02,0.825
2016-12-05,0.047,3.05,0.825
2016-12-06,0.047,3.06,0.825
2016-12-07,0.047,3.07,0.825
2016-12-08,0.047,3.07,0.82
2016-12-09,0.047,3.07,0.815
2016-12-12,0.047,3.05,0.815
2016-12-13,0.047,3.05,0.815
2016-12-14,0.048,3.06,0.815
2016-12-15,0.047,3.03,0.815
2016-12-16,0.047,3.05,0.815
2016-12-19,0.047,3.02,0.815
2016-12-20,0.047,3.03,0.815
2016-12-21,0.046,3.03,0.815
2016-12-22,0.046,2.99,0.81
2016-12-23,0.046,2.99,0.825
2016-12-27,0.047,3.0,0.82
2016-12-28,0.047,3.02,0.825
2016-12-29,0.046,3.0,0.825
2016-12-30,0.046,3.0,0.825
2017-01-03,0.046,2.95,0.825
2017-01-04,0.046,2.99,0.825
2017-01-05,0.046,3.02,0.82
2017-01-06,0.046,3.01,0.84
2017-01-09,0.046,3.04,0.84
2017-01-10,0.048,3.05,0.84
2017-01-11,0.047,3.06,0.84
2017-01-12,0.046,3.05,0.84
2017-01-13,0.049,3.08,0.83
2017-01-16,0.048,3.06,0.83
2017-01-17,0.048,3.06,0.825
2017-01-18,0.048,3.06,0.825
2017-01-19,0.049,3.07,0.825
2017-01-20,0.048,3.07,0.84
2017-01-23,0.047,3.09,0.835
2017-01-24,0.047,3.1,0.835
2017-01-25,0.048,3.1,0.83
2017-01-26,0.047,3.11,0.83
2017-01-27,0.047,3.12,0.83
2017-01-31,0.047,3.1,0.8275
2017-02-01,0.047,3.13,0.825
2017-02-02,0.047,3.11,0.825
2017-02-03,0.047,3.1,0.84
2017-02-06,0.048,3.13,0.8375
2017-02-07,0.047,3.14,0.825
2017-02-08,0.048,3.13,0.835
2017-02-09,0.048,3.14,0.835
2017-02-10,0.048,3.17,0.84
2017-02-13,0.051,3.17,0.84
2017-02-14,0.05,3.13,0.84
2017-02-15,0.05,3.14,0.825
2017-02-16,0.05,3.16,0.82
2017-02-17,0.051,3.17,0.825
2017-02-20,0.05,3.17,0.82
2017-02-21,0.05,3.15,0.825
2017-02-22,0.05,3.19,0.825
2017-02-23,0.05,3.2,0.825
2017-02-24,0.049,3.18,0.825
2017-02-27,0.05,3.17,0.8225
2017-02-28,0.05,3.16,0.8225
2017-03-01,0.051,3.19,0.8225
2017-03-02,0.05,3.19,0.825
2017-03-03,0.05,3.18,0.825
2017-03-06,0.05,3.18,0.825
2017-03-07,0.05,3.19,0.8225
2017-03-08,0.054,3.22,0.8225
2017-03-09,0.052,3.19,0.8225
2017-03-10,0.052,3.2,0.8225
2017-03-13,0.051,3.21,0.81
2017-03-14,0.051,3.22,0.8225
2017-03-15,0.051,3.2,0.815
2017-03-16,0.052,3.23,0.815
2017-03-17,0.05,3.24,0.81
2017-03-20,0.052,3.23,0.81
2017-03-21,0.052,3.23,0.78
2017-03-22,0.051,3.19,0.81
2017-03-23,0.05,3.19,0.8075
2017-03-24,0.051,3.22,0.8
2017-03-27,0.05,3.19,0.8125
2017-03-28,0.05,3.22,0.8125
2017-03-29,0.05,3.25,0.81
2017-03-30,0.053,3.24,0.79
2017-03-31,0.051,3.25,0.79
2017-04-03,0.052,3.25,0.79
2017-04-04,0.053,3.25,0.825
2017-04-05,0.053,3.25,0.825
2017-04-06,0.054,3.24,0.825
2017-04-07,0.053,3.22,0.815
2017-04-10,0.053,3.24,0.825
2017-04-11,0.051,3.24,0.825
2017-04-12,0.051,3.25,0.825
2017-04-13,0.05,3.23,0.825
2017-04-17,0.05,3.2,0.8225
2017-04-18,0.05,3.21,0.815
2017-04-19,0.049,3.19,0.79
2017-04-20,0.049,3.21,0.825
2017-04-21,0.052,3.22,0.825
2017-04-24,0.05,3.21,0.825
2017-04-25,0.051,3.23,0.815
2017-04-26,0.051,3.26,0.8
2017-04-27,0.051,3.26,0.8
2017-04-28,0.05,3.26,0.8
2017-05-02,0.05,3.29,0.8
2017-05-03,0.05,3.33,0.825
2017-05-04,0.05,3.32,0.825
2017-05-05,0.05,3.33,0.825
2017-05-08,0.05,3.33,0.825
2017-05-09,0.05,3.34,0.8225
2017-05-11,0.05,3.36,0.825
2017-05-12,0.049,3.35,0.825
2017-05-15,0.051,3.35,0.825
2017-05-16,0.05,3.32,0.825
2017-05-17,0.049,3.32,0.825
2017-05-18,0.049,3.32,0.8
2017-05-19,0.049,3.32,0.815
2017-05-22,0.049,3.32,0.82
2017-05-23,0.049,3.34,0.825
2017-05-24,0.049,3.33,0.825
2017-05-25,0.049,3.35,0.825
2017-05-26,0.049,3.32,0.81
2017-05-29,0.049,3.32,0.82
2017-05-30,0.049,3.31,0.825
2017-05-31,0.049,3.31,0.825
2017-06-01,0.049,3.33,0.825
2017-06-02,0.049,3.35,0.835
2017-06-05,0.05,3.34,0.83
2017-06-06,0.05,3.34,0.85
2017-06-07,0.05,3.34,0.855
2017-06-08,0.05,3.34,0.8625
2017-06-09,0.05,3.37,0.8725
2017-06-12,0.05,3.36,0.8725
2017-06-13,0.05,3.36,0.8725
2017-06-14,0.05,3.35,0.875
2017-06-15,0.05,3.34,0.885
2017-06-16,0.051,3.34,0.895
2017-06-19,0.049,3.36,0.875
2017-06-20,0.049,3.34,0.89
2017-06-21,0.049,3.32,0.895
2017-06-22,0.049,3.32,0.91
2017-06-23,0.049,3.32,0.915
2017-06-27,0.049,3.33,0.915
2017-06-28,0.05,3.33,0.92
2017-06-29,0.048,3.37,0.925
2017-06-30,0.048,3.34,0.86
2017-07-03,0.048,3.32,0.86
2017-07-04,0.049,3.3,0.8625
2017-07-05,0.049,3.34,0.865
2017-07-06,0.049,3.32,0.8675
2017-07-07,0.049,3.32,0.8875
2017-07-10,0.049,3.34,0.88
2017-07-11,0.048,3.31,0.89
2017-07-12,0.048,3.29,0.895
2017-07-13,0.047,3.32,0.8875
2017-07-14,0.048,3.38,0.895
2017-07-17,0.049,3.39,0.9
2017-07-18,0.049,3.39,0.91
2017-07-19,0.05,3.41,0.905
2017-07-20,0.05,3.38,0.905
2017-07-21,0.05,3.41,0.905
2017-07-24,0.051,3.41,0.9025
2017-07-25,0.05,3.42,0.905
2017-07-26,0.051,3.43,0.91
2017-07-27,0.052,3.45,0.91
2017-07-28,0.052,3.42,0.9025
2017-07-31,0.05,3.42,0.9
2017-08-01,0.05,3.44,0.9
2017-08-02,0.05,3.45,0.905
2017-08-03,0.05,3.46,0.9025
2017-08-04,0.051,3.45,0.905
2017-08-07,0.05,3.44,0.905
2017-08-08,0.05,3.44,0.905
2017-08-10,0.05,3.44,0.9
2017-08-11,0.05,3.4,0.89
2017-08-14,0.05,3.43,0.89
2017-08-15,0.049,3.42,0.89
2017-08-16,0.049,3.4,0.9
2017-08-17,0.049,3.4,0.9
2017-08-18,0.049,3.38,0.9
2017-08-21,0.049,3.37,0.9
2017-08-22,0.049,3.4,0.9
2017-08-23,0.049,3.4,0.9
2017-08-24,0.05,3.4,0.885
2017-08-25,0.05,3.4,0.9
2017-08-28,0.05,3.4,0.8775
2017-08-29,0.05,3.38,0.895
2017-08-30,0.049,3.39,0.895
2017-08-31,0.05,3.41,0.895
2017-09-04,0.049,3.36,0.875
2017-09-05,0.049,3.38,0.8925
2017-09-06,0.049,3.36,0.8925
2017-09-07,0.048,3.36,0.9
2017-09-08,0.049,3.35,0.9
2017-09-11,0.049,3.36,0.87
2017-09-12,0.049,3.36,0.87
2017-09-13,0.05,3.36,0.865
2017-09-14,0.049,3.35,0.8875
2017-09-15,0.049,3.35,0.88
2017-09-18,0.048,3.38,0.865
2017-09-19,0.048,3.35,0.87
2017-09-20,0.048,3.35,0.875
2017-09-21,0.049,3.34,0.875
2017-09-22,0.049,3.35,0.875
2017-09-25,0.049,3.34,0.875
2017-09-26,0.049,3.34,0.875
2017-09-27,0.049,3.38,0.8825
2017-09-28,0.049,3.36,0.885
2017-09-29,0.049,3.35,0.885
2017-10-02,0.049,3.4,0.89
2017-10-03,0.049,3.38,0.905
2017-10-04,0.049,3.36,0.905
2017-10-05,0.05,3.4,0.91
2017-10-06,0.05,3.43,0.91
2017-10-09,0.049,3.43,0.91
2017-10-10,0.049,3.42,0.91
2017-10-11,0.05,3.41,0.91
2017-10-12,0.049,3.43,0.955
2017-10-13,0.049,3.46,0.9575
2017-10-16,0.049,3.46,1.025
2017-10-17,0.049,3.46,0.99
2017-10-19,0.049,3.47,1.04
2017-10-20,0.049,3.47,1.085
2017-10-23,0.049,3.48,1.075
2017-10-24,0.049,3.47,1.05
2017-10-25,0.048,3.47,1.05
2017-10-26,0.049,3.49,1.025
2017-10-27,0.05,3.51,1.03
2017-10-30,0.05,3.51,1.03
2017-10-31,0.048,3.51,1.035
2017-11-01,0.049,3.52,1.04
2017-11-02,0.051,3.52,1.045
2017-11-03,0.05,3.52,1.045
2017-11-06,0.049,3.51,1.065
2017-11-07,0.048,3.54,1.065
2017-11-08,0.049,3.55,1.07
2017-11-09,0.048,3.56,1.08
2017-11-10,0.048,3.56,1.105
2017-11-13,0.048,3.56,1.13
2017-11-14,0.048,3.54,1.125
2017-11-15,0.048,3.49,1.105
2017-11-16,0.047,3.47,1.105
2017-11-17,0.048,3.5,1.105
2017-11-20,0.048,3.51,1.1
2017-11-21,0.047,3.55,1.085
2017-11-22,0.049,3.56,1.1
2017-11-23,0.048,3.54,1.1
2017-11-24,0.049,3.57,1.105
2017-11-27,0.049,3.56,1.15
2017-11-28,0.049,3.57,1.14
2017-11-29,0.047,3.56,1.13
2017-11-30,0.047,3.56,1.13
2017-12-01,0.047,3.58,1.13
2017-12-04,0.047,3.57,1.13
2017-12-05,0.047,3.56,1.08
2017-12-06,0.047,3.5,1.08
2017-12-07,0.048,3.5,1.08
2017-12-08,0.048,3.56,1.08
2017-12-11,0.048,3.59,1.085
2017-12-12,0.048,3.58,1.085
2017-12-13,0.048,3.59,1.11
2017-12-14,0.047,3.56,1.11
2017-12-15,0.047,3.55,1.13
2017-12-18,0.047,3.54,1.15
2017-12-19,0.047,3.54,1.225
2017-12-20,0.047,3.52,1.395
2017-12-21,0.047,3.52,1.325
2017-12-22,0.047,3.53,1.325
2017-12-26,0.047,3.52,1.325
2017-12-27,0.047,3.53,1.325
2017-12-28,0.048,3.54,1.325
2017-12-29,0.049,3.54,1.35
2018-01-02,0.049,3.5,1.395
2018-01-03,0.048,3.54,1.4
2018-01-04,0.049,3.55,1.45
2018-01-05,0.049,3.56,1.47
2018-01-08,0.048,3.59,1.52
2018-01-09,0.048,3.6,1.5
2018-01-10,0.049,3.59,1.5
2018-01-11,0.049,3.59,1.475
2018-01-12,0.049,3.6,1.525
2018-01-15,0.049,3.61,1.54
2018-01-16,0.049,3.63,1.575
2018-01-17,0.048,3.62,1.585
2018-01-18,0.048,3.61,1.59
2018-01-19,0.048,3.62,1.51
2018-01-22,0.048,3.65,1.53
2018-01-23,0.048,3.67,1.63
2018-01-24,0.048,3.69,1.67
2018-01-25,0.048,3.64,1.595
2018-01-26,0.048,3.65,1.605
2018-01-29,0.048,3.65,1.62
2018-01-30,0.048,3.63,1.585
2018-01-31,0.048,3.61,1.58
2018-02-01,0.048,3.63,1.6
2018-02-02,0.048,3.61,1.55
2018-02-05,0.048,3.56,1.525
2018-02-06,0.047,3.5,1.5
2018-02-07,0.047,3.47,1.55
2018-02-08,0.047,3.51,1.56
2018-02-09,0.047,3.44,1.55
2018-02-12,0.046,3.46,1.55
2018-02-13,0.046,3.48,1.575
2018-02-14,0.047,3.49,1.595
2018-02-15,0.047,3.52,1.59
2018-02-19,0.047,3.57,1.575
2018-02-20,0.047,3.55,1.61
2018-02-21,0.046,3.6,1.645
2018-02-22,0.046,3.57,1.665
2018-02-23,0.046,3.62,1.675
2018-02-26,0.046,3.64,1.71
2018-02-27,0.047,3.62,1.73
2018-02-28,0.047,3.6,1.685
2018-03-01,0.047,3.57,1.685
2018-03-02,0.046,3.56,1.69
2018-03-05,0.046,3.52,1.69
2018-03-06,0.046,3.56,1.655
2018-03-07,0.046,3.52,1.605
2018-03-08,0.046,3.55,1.605
2018-03-09,0.046,3.56,1.605
2018-03-12,0.046,3.62,1.605
2018-03-13,0.046,3.64,1.605
2018-03-14,0.046,3.62,1.625
2018-03-15,0.046,3.59,1.625
2018-03-16,0.046,3.59,1.64
2018-03-19,0.046,3.57,1.655
2018-03-20,0.046,3.58,1.655
2018-03-21,0.047,3.59,1.62
2018-03-22,0.046,3.57,1.655
2018-03-23,0.046,3.5,1.655
2018-03-26,0.046,3.5,1.635
2018-03-27,0.045,3.52,1.64
2018-03-28,0.045,3.48,1.64
2018-03-29,0.045,3.51,1.64
2018-04-02,0.044,3.52,1.64
2018-04-03,0.044,3.49,1.53
2018-04-04,0.044,3.43,1.625
2018-04-05,0.046,3.49,1.69
2018-04-06,0.046,3.53,1.69
2018-04-09,0.046,3.54,1.69
2018-04-10,0.045,3.55,1.69
2018-04-11,0.045,3.57,1.695
2018-04-12,0.045,3.54,1.695
2018-04-13,0.045,3.59,1.705
2018-04-16,0.045,3.57,1.705
2018-04-17,0.045,3.59,1.705
2018-04-18,0.045,3.65,1.725
2018-04-19,0.044,3.69,1.725
2018-04-20,0.044,3.65,1.8
2018-04-23,0.044,3.67,1.795
2018-04-24,0.044,3.67,1.605
2018-04-25,0.044,3.66,1.625
2018-04-26,0.044,3.67,1.625
2018-04-27,0.044,3.68,1.625
2018-04-30,0.044,3.74,1.625
2018-05-02,0.044,3.71,1.635
2018-05-03,0.044,3.67,1.615
2018-05-04,0.044,3.66,1.635
2018-05-07,0.044,3.66,1.69
2018-05-08,0.044,3.66,1.69
2018-05-09,0.044,3.68,1.64
2018-05-10,0.044,3.66,1.625
2018-05-11,0.044,3.69,1.625
2018-05-14,0.044,3.69,1.715
2018-05-15,0.043,3.67,1.745
2018-05-16,0.043,3.65,1.745
2018-05-17,0.043,3.66,1.705
2018-05-18,0.043,3.66,1.75
2018-05-21,0.043,3.68,1.75
2018-05-22,0.043,3.67,1.75
2018-05-23,0.043,3.62,1.625
2018-05-24,0.043,3.66,1.625
2018-05-25,0.043,3.66,1.75
2018-05-28,0.043,3.66,1.64
2018-05-30,0.043,3.58,1.715
2018-05-31,0.041,3.58,1.75
2018-06-01,0.041,3.55,1.75
2018-06-04,0.041,3.61,1.8
2018-06-05,0.041,3.61,1.8
2018-06-06,0.041,3.6,1.8
2018-06-07,0.041,3.59,1.815
2018-06-08,0.041,3.58,1.83
2018-06-11,0.041,3.58,2.0
2018-06-12,0.041,3.56,1.935
2018-06-13,0.041,3.52,1.935
2018-06-14,0.041,3.48,1.935
2018-06-18,0.041,3.46,1.935
2018-06-19,0.041,3.44,1.94
2018-06-20,0.04,3.45,1.905
2018-06-21,0.04,3.43,1.905
2018-06-22,0.04,3.43,1.985
2018-06-25,0.04,3.38,1.925
2018-06-26,0.04,3.4,1.955
2018-06-27,0.039,3.39,1.995
2018-06-28,0.039,3.37,1.995
2018-06-29,0.039,3.4,2.025
2018-07-02,0.039,3.32,2.06
2018-07-03,0.039,3.31,2.075
2018-07-04,0.039,3.31,2.075
2018-07-05,0.039,3.33,2.065
2018-07-06,0.039,3.26,2.05
2018-07-09,0.039,3.3,1.7
2018-07-10,0.039,3.33,1.7
2018-07-11,0.039,3.33,1.715
2018-07-12,0.039,3.33,1.7
2018-07-13,0.039,3.33,1.695
2018-07-16,0.039,3.32,1.74
2018-07-17,0.039,3.32,1.745
2018-07-18,0.039,3.33,1.785
2018-07-19,0.039,3.35,1.785
2018-07-20,0.039,3.37,1.75
2018-07-23,0.039,3.37,1.75
2018-07-24,0.039,3.37,1.75
2018-07-25,0.039,3.42,1.75
2018-07-26,0.039,3.44,1.75
2018-07-27,0.039,3.42,1.75
2018-07-30,0.041,3.4,1.68
2018-07-31,0.041,3.42,1.68
2018-08-01,0.041,3.42,1.68
2018-08-02,0.041,3.37,1.695
2018-08-03,0.041,3.36,1.695
2018-08-06,0.041,3.39,1.69
2018-08-07,0.041,3.43,1.69
2018-08-08,0.041,3.44,1.69
2018-08-10,0.041,3.39,1.775
2018-08-13,0.037,3.36,1.7
2018-08-14,0.037,3.35,1.7
2018-08-15,0.037,3.35,1.75
2018-08-16,0.037,3.34,1.75
2018-08-17,0.037,3.32,1.75
2018-08-20,0.037,3.33,1.75
2018-08-21,0.037,3.32,1.75
2018-08-23,0.037,3.38,1.815
2018-08-24,0.037,3.34,1.8
2018-08-27,0.037,3.35,1.8
2018-08-28,0.037,3.37,1.86
2018-08-29,0.037,3.37,1.85
2018-08-30,0.037,3.35,1.85
2018-08-31,0.037,3.33,1.85
2018-09-03,0.037,3.33,1.85
2018-09-04,0.037,3.34,1.83
2018-09-05,0.037,3.28,1.85
2018-09-06,0.036,3.26,1.84
2018-09-07,0.035,3.25,1.84
2018-09-10,0.035,3.24,1.84
2018-09-11,0.035,3.22,1.84
2018-09-12,0.034,3.25,1.75
2018-09-13,0.034,3.24,1.705
2018-09-14,0.034,3.28,1.705
2018-09-17,0.034,3.26,1.705
2018-09-18,0.034,3.25,1.72
2018-09-19,0.03,3.3,1.72
2018-09-20,0.03,3.3,1.72
2018-09-21,0.03,3.35,1.775
2018-09-24,0.03,3.35,1.775
2018-09-25,0.036,3.36,1.775
2018-09-26,0.033,3.37,1.775
2018-09-27,0.033,3.36,1.775
2018-09-28,0.033,3.38,1.765
2018-10-01,0.033,3.38,1.765
2018-10-02,0.033,3.36,1.76
2018-10-03,0.033,3.38,1.75
2018-10-04,0.033,3.35,1.75
2018-10-05,0.033,3.33,1.75
2018-10-08,0.033,3.31,1.75
2018-10-09,0.033,3.28,1.75
2018-10-10,0.032,3.26,1.75
2018-10-11,0.032,3.17,1.775
2018-10-12,0.032,3.2,1.8
2018-10-15,0.032,3.17,1.875
2018-10-16,0.032,3.15,1.915
2018-10-17,0.032,3.2,1.88
2018-10-18,0.032,3.17,1.88
2018-10-19,0.032,3.18,1.925
2018-10-22,0.032,3.19,1.925
2018-10-23,0.032,3.15,1.925
2018-10-24,0.032,3.16,1.925
2018-10-25,0.032,3.14,1.925
2018-10-26,0.032,3.08,1.88
2018-10-29,0.027,3.09,1.88
2018-10-30,0.027,3.08,1.88
2018-10-31,0.027,3.13,1.89
2018-11-01,0.027,3.19,1.88
2018-11-02,0.027,3.25,1.9
2018-11-05,0.027,3.19,1.9
2018-11-07,0.027,3.18,1.9
2018-11-08,0.027,3.21,1.9
2018-11-09,0.027,3.2,1.9
2018-11-12,0.027,3.18,1.9
2018-11-13,0.027,3.16,1.91
2018-11-14,0.027,3.14,1.88
2018-11-15,0.027,3.17,1.88
2018-11-16,0.027,3.17,1.88
2018-11-19,0.027,3.18,1.88
2018-11-20,0.027,3.15,1.88
2018-11-21,0.027,3.16,1.88
2018-11-22,0.033,3.16,1.87
2018-11-23,0.033,3.17,1.94
2018-11-26,0.033,3.2,1.94
2018-11-27,0.033,3.21,1.94
2018-11-28,0.033,3.21,2.04
2018-11-29,0.03,3.23,2.14
2018-11-30,0.03,3.24,2.1
2018-12-03,0.029,3.31,2.1
2018-12-04,0.029,3.3,2.1
2018-12-05,0.029,3.27,2.0
2018-12-06,0.029,3.23,2.0
2018-12-07,0.029,3.23,2.0
2018-12-10,0.029,3.19,2.0
2018-12-11,0.03,3.19,2.0
2018-12-12,0.03,3.22,1.99
2018-12-13,0.03,3.24,1.99
2018-12-14,0.03,3.19,1.99
2018-12-17,0.03,3.23,1.99
2018-12-18,0.03,3.18,1.95
2018-12-19,0.03,3.19,1.86
2018-12-20,0.03,3.18,1.85
2018-12-21,0.03,3.18,1.85
2018-12-24,0.03,3.17,1.95
2018-12-26,0.03,3.13,1.95
2018-12-27,0.03,3.17,1.89
2018-12-28,0.03,3.18,1.89
2018-12-31,0.03,3.2,1.89
2019-01-01,0.03,3.2,1.89
2019-01-02,0.029,3.11,1.87
2019-01-03,0.029,3.07,1.87
2019-01-04,0.029,3.07,1.85
2019-01-07,0.029,3.15,1.78
2019-01-08,0.03,3.19,1.73
2019-01-09,0.03,3.21,1.68
2019-01-10,0.03,3.25,1.61
2019-01-11,0.03,3.26,1.65
2019-01-14,0.03,3.25,1.62
2019-01-15,0.03,3.28,1.59
2019-01-16,0.03,3.29,1.6
2019-01-17,0.03,3.28,1.6
2019-01-18,0.028,3.3,1.61
2019-01-21,0.029,3.3,1.62
2019-01-22,0.029,3.27,1.62
2019-01-23,0.029,3.23,1.61
2019-01-24,0.029,3.26,1.64
2019-01-25,0.029,3.27,1.64
2019-01-28,0.029,3.27,1.63
2019-01-29,0.029,3.26,1.63
2019-01-30,0.029,3.24,1.6
2019-01-31,0.029,3.27,1.6
2019-02-01,0.029,3.26,1.6
2019-02-04,0.029,3.26,1.6
2019-02-05,0.029,3.26,1.6
2019-02-07,0.029,3.26,1.62
2019-02-08,0.029,3.27,1.62
2019-02-11,0.029,3.27,1.6
2019-02-12,0.029,3.27,1.6
2019-02-13,0.029,3.31,1.61
2019-02-14,0.029,3.32,1.61
2019-02-15,0.029,3.3,1.61
2019-02-18,0.029,3.35,1.63
2019-02-19,0.029,3.34,1.69
2019-02-20,0.029,3.35,1.67
2019-02-21,0.029,3.36,1.67
2019-02-22,0.029,3.34,1.61
2019-02-25,0.029,3.34,1.61
2019-02-26,0.029,3.33,1.61
2019-02-27,0.029,3.32,1.57
2019-02-28,0.029,3.29,1.52
2019-03-01,0.029,3.3,1.51
2019-03-04,0.028,3.33,1.49
2019-03-05,0.028,3.3,1.55
2019-03-06,0.028,3.31,1.55
2019-03-07,0.028,3.28,1.54
2019-03-08,0.029,3.27,1.5
2019-03-11,0.029,3.27,1.52
2019-03-12,0.028,3.28,1.49
2019-03-13,0.028,3.25,1.46
2019-03-14,0.028,3.28,1.46
2019-03-15,0.031,3.28,1.5
2019-03-18,0.031,3.3,1.5
2019-03-19,0.031,3.29,1.5
2019-03-20,0.031,3.28,1.5
2019-03-21,0.031,3.28,1.5
2019-03-22,0.031,3.29,1.5
2019-03-25,0.031,3.24,1.48
2019-03-26,0.029,3.27,1.49
2019-03-27,0.028,3.28,1.49
2019-03-28,0.028,3.29,1.49
2019-03-29,0.028,3.29,1.54
2019-04-01,0.028,3.34,1.54
2019-04-02,0.028,3.36,1.52
2019-04-03,0.027,3.39,1.52
2019-04-04,0.027,3.39,1.52
2019-04-05,0.027,3.4,1.51
2019-04-08,0.027,3.39,1.51
2019-04-09,0.027,3.4,1.52
2019-04-10,0.027,3.41,1.52
2019-04-11,0.027,3.41,1.51
2019-04-12,0.027,3.41,1.49
2019-04-15,0.027,3.4,1.5
2019-04-16,0.027,3.41,1.48
2019-04-17,0.027,3.42,1.46
2019-04-18,0.027,3.42,1.48
2019-04-22,0.026,3.44,1.48
2019-04-23,0.026,3.42,1.56
2019-04-24,0.026,3.44,1.57
2019-04-25,0.026,3.44,1.6
2019-04-26,0.026,3.44,1.6
2019-04-29,0.026,3.51,1.6
2019-04-30,0.029,3.48,1.58
2019-05-02,0.029,3.49,1.57
2019-05-03,0.027,3.52,1.57
2019-05-06,0.027,3.41,1.57
2019-05-07,0.027,3.44,1.59
2019-05-08,0.027,3.4,1.59
2019-05-09,0.03,3.38,1.59
2019-05-10,0.028,3.39,1.58
2019-05-13,0.028,3.35,1.58
2019-05-14,0.028,3.34,1.56
2019-05-15,0.025,3.34,1.61
2019-05-16,0.025,3.35,1.62
2019-05-17,0.025,3.34,1.63
2019-05-21,0.025,3.31,1.65
2019-05-22,0.025,3.32,1.65
2019-05-23,0.025,3.29,1.65
2019-05-24,0.025,3.3,1.65
2019-05-27,0.025,3.29,1.64
2019-05-28,0.022,3.29,1.66
2019-05-29,0.023,3.29,1.66
2019-05-30,0.025,3.26,1.65
2019-05-31,0.025,3.24,1.55
2019-06-03,0.025,3.26,1.63
2019-06-04,0.025,3.27,1.56
2019-06-06,0.025,3.28,1.56
2019-06-07,0.025,3.3,1.65
2019-06-10,0.024,3.31,1.65
2019-06-11,0.024,3.34,1.68
2019-06-12,0.024,3.33,1.64
2019-06-13,0.024,3.34,1.64
2019-06-14,0.024,3.35,1.61
2019-06-17,0.023,3.36,1.62
2019-06-18,0.023,3.38,1.56
2019-06-19,0.022,3.43,1.56
2019-06-20,0.022,3.46,1.66
2019-06-21,0.023,3.44,1.66
2019-06-24,0.023,3.45,1.65
2019-06-25,0.023,3.43,1.65
2019-06-26,0.025,3.44,1.62
2019-06-27,0.027,3.47,1.61
2019-06-28,0.027,3.46,1.6
2019-07-01,0.027,3.45,1.61
2019-07-02,0.027,3.44,1.61
2019-07-03,0.027,3.45,1.61
2019-07-04,0.03,3.45,1.61
2019-07-05,0.03,3.44,1.61
2019-07-08,0.029,3.4,1.6
2019-07-09,0.029,3.41,1.6
2019-07-10,0.029,3.42,1.58
2019-07-11,0.029,3.43,1.58
2019-07-12,0.029,3.43,1.58
2019-07-15,0.029,3.43,1.57
2019-07-16,0.029,3.43,1.56
2019-07-17,0.029,3.43,1.56
2019-07-18,0.031,3.43,1.56
2019-07-19,0.031,3.45,1.58
2019-07-22,0.031,3.42,1.58
2019-07-23,0.032,3.44,1.51
2019-07-24,0.032,3.46,1.51
2019-07-25,0.028,3.46,1.52
2019-07-26,0.028,3.43,1.52
2019-07-29,0.028,3.43,1.53
2019-07-30,0.028,3.42,1.53
2019-07-31,0.028,3.39,1.54
2019-08-01,0.028,3.38,1.52
2019-08-02,0.029,3.34,1.49
2019-08-05,0.03,3.29,1.49
2019-08-06,0.025,3.26,1.51
2019-08-07,0.028,3.29,1.51
2019-08-08,0.028,3.26,1.5
2019-08-13,0.03,3.23,1.5
2019-08-14,0.03,3.24,1.5
2019-08-15,0.03,3.22,1.5
2019-08-16,0.03,3.22,1.5
2019-08-19,0.03,3.24,1.5
2019-08-20,0.028,3.24,1.5
2019-08-21,0.029,3.24,1.5
2019-08-23,0.03,3.22,1.51
2019-08-26,0.028,3.19,1.52
2019-08-27,0.028,3.18,1.52
2019-08-28,0.027,3.17,1.51
2019-08-29,0.027,3.19,1.51
2019-08-30,0.027,3.22,1.56
2019-09-02,0.027,3.2,1.56
2019-09-03,0.027,3.19,1.56
2019-09-04,0.027,3.25,1.56
2019-09-05,0.027,3.27,1.56
2019-09-06,0.027,3.27,1.56
2019-09-09,0.027,3.26,1.54
2019-09-10,0.028,3.28,1.55
2019-09-11,0.027,3.32,1.55
2019-09-12,0.028,3.32,1.57
2019-09-13,0.028,3.34,1.57
2019-09-16,0.033,3.32,1.57
2019-09-17,0.032,3.3,1.58
2019-09-18,0.039,3.29,1.6
2019-09-19,0.036,3.28,1.58
2019-09-23,0.035,3.26,1.57
2019-09-24,0.034,3.26,1.57
2019-09-25,0.031,3.24,1.58
2019-09-26,0.032,3.25,1.55
2019-09-27,0.03,3.24,1.54
2019-09-30,0.032,3.23,1.49
2019-10-02,0.027,3.22,1.49
2019-10-03,0.029,3.2,1.5
2019-10-07,0.029,3.22,1.5
2019-10-08,0.03,3.23,1.49
2019-10-09,0.033,3.2,1.46
2019-10-10,0.036,3.19,1.43
2019-10-11,0.037,3.24,1.42
2019-10-14,0.033,3.23,1.42
2019-10-15,0.033,3.23,1.41
2019-10-16,0.034,3.26,1.41
2019-10-17,0.031,3.24,1.43
2019-10-18,0.031,3.23,1.44
2019-10-21,0.03,3.27,1.44
2019-10-22,0.032,3.28,1.43
2019-10-23,0.031,3.27,1.44
2019-10-24,0.033,3.3,1.44
2019-10-25,0.033,3.31,1.44
2019-10-29,0.032,3.31,1.45
2019-10-30,0.034,3.32,1.44
2019-10-31,0.035,3.36,1.43
2019-11-01,0.033,3.35,1.44
2019-11-04,0.034,3.36,1.5
2019-11-05,0.035,3.37,1.5
2019-11-06,0.034,3.38,1.46
2019-11-07,0.035,3.4,1.46
2019-11-08,0.036,3.39,1.45
2019-11-12,0.045,3.39,1.44
2019-11-13,0.042,3.36,1.46
2019-11-14,0.041,3.36,1.47
2019-11-18,0.036,3.38,1.47
2019-11-19,0.039,3.37,1.51
2019-11-20,0.037,3.36,1.49
2019-11-21,0.037,3.32,1.47
2019-11-22,0.037,3.37,1.49
2019-11-25,0.037,3.35,1.48
2019-11-26,0.035,3.35,1.5
2019-11-27,0.034,3.35,1.5
2019-11-28,0.034,3.33,1.5
2019-11-29,0.035,3.32,1.47
2019-12-02,0.035,3.31,1.47
2019-12-03,0.034,3.28,1.46
2019-12-04,0.034,3.27,1.46
2019-12-05,0.035,3.29,1.46
2019-12-06,0.035,3.32,1.46
2019-12-09,0.035,3.31,1.42
2019-12-10,0.033,3.28,1.44
2019-12-11,0.034,3.31,1.44
2019-12-12,0.036,3.33,1.48
2019-12-13,0.036,3.34,1.46
2019-12-16,0.036,3.33,1.46
2019-12-17,0.039,3.32,1.48
2019-12-18,0.041,3.35,1.55
2019-12-19,0.04,3.34,1.57
2019-12-20,0.037,3.35,1.57
2019-12-23,0.037,3.35,1.55
2019-12-24,0.037,3.36,1.56
2019-12-25,0.037,3.36,1.56
2019-12-26,0.038,3.36,1.54
2019-12-27,0.037,3.36,1.54
2019-12-30,0.039,3.36,1.54
2020-01-02,0.04,3.32,1.54
2020-01-03,0.04,3.32,1.54
2020-01-06,0.051,3.29,1.53
2020-01-07,0.048,3.33,1.53
2020-01-08,0.045,3.31,1.52
2020-01-09,0.049,3.33,1.52
2020-01-10,0.047,3.34,1.52
2020-01-13,0.053,3.33,1.53
2020-01-14,0.05,3.35,1.52
2020-01-15,0.05,3.33,1.56
2020-01-16,0.05,3.36,1.54
2020-01-17,0.05,3.36,1.57
2020-01-20,0.052,3.36,1.59
2020-01-21,0.092,3.32,1.71
2020-01-22,0.098,3.34,1.84
2020-01-23,0.105,3.3,1.8
2020-01-24,0.104,3.3,1.9
